{"min": [0.0, 0.0, 0.0, 0.0, 1561618362.0, 0.0, 0.0, -1.82, -5.67, -8.86, 0.24, 975.5, 0.29, 1.24, 3.0, 0.0, 0.0, 0.0, 203.7, 1561586400.0, 1561599299.0, 1561666160.0, 0.0, 0.0, 0.0, 1561586400.0, 0.0, 2.59, 1561640400.0, -4.08, 1561690800.0, -1.26, 1561640400.0, -9.57, 1561690800.0, -5.54, 0.4, 982.5, 1.26, 3.68, 1561604400.0, 6.0, 0.13, 0.0, 1561629600.0, 6.095, 205.0, -4.04, 1561611600.0, 2.67, 1561640400.0, -7.54, 1561611600.0, -0.88, 1561640400.0, 0.0, 0.0, 0.0, 0.0, 0.0, 0.0, 0.0, 0.0, 0.0, 0.0, 0.0, 0.0, 0.0, 0.0, 0.0, 0.0, 0.0, 0.0, 0.0, 0.0, 0.0, 0.0, 0.0, 0.0, 0.0, 0.0, -0.9999999048, -0.9999999973999999, -0.9993007048, -1.0, -0.9999997503, -0.9984924325, 12.0, 0.0, 0.0, 0.0, 0.0, 0.0, 0.0, 0.0, 0.0, 0.0, 0.0, 0.0, 0.0, 0.0, 0.0, 0.0, 0.0, 0.0, 0.0, 0.0, 0.0, 0.0, 0.0, 0.0, 0.0, 0.0, 0.0, 0.0, 0.0, 0.0, 0.0, 0.0, 0.0, 0.0, 0.0, 0.0, 0.0, 0.0, 0.0, 0.0, 0.0, 0.0, 0.0, 0.0, 0.0, 0.0, 0.0, 0.0, 0.0, 0.0, 0.0, 0.0, 0.0, 0.0, 0.0, 0.0, 0.0, 0.0, 0.0, 0.0, 0.0, 0.0, 0.0, 0.0, 0.0, 0.0, 0.0, 0.0, 0.0, 0.0, 0.0, 0.0, 0.0, 0.0, 0.0, 0.0, 0.0, 0.0, 0.0, 0.0, 0.0, 0.0, 0.0, 0.0, 0.0, 0.0, 0.0, 0.0, 0.0, 0.0, 0.0, 0.0, 0.0, 0.0, 0.0, 0.0, 0.0, 0.0, 0.0, 0.0, 0.0], "max": [29.0, 32.0, 10.0, 6.0, 1587048780.0, 1.6248, 0.68, 26.58, 26.62, 19.12, 1.0, 1025.97, 11.1, 17.46, 359.0, 1.0, 6.0, 16.093, 451.4, 1586988000.0, 1587007800.0, 1587060480.0, 0.97, 0.4687, 3.5541, 1587006000.0, 0.99, 27.58, 1587040740.0, 18.96, 1587092160.0, 27.58, 1587040740.0, 19.33, 1587092340.0, 18.04, 0.98, 1026.31, 7.99, 17.63, 1586988000.0, 359.0, 1.0, 6.0, 1587034500.0, 16.093, 471.2, 18.83, 1587070800.0, 27.58, 1587040740.0, 19.18, 1587070800.0, 27.58, 1587040740.0, 1.0, 1.0, 1.0, 1.0, 1.0, 1.0, 1.0, 1.0, 1.0, 1.0, 1.0, 1.0, 1.0, 1.0, 1.0, 1.0, 1.0, 1.0, 1.0, 1.0, 1.0, 1.0, 1.0, 1.0, 1.0, 1.0, 0.9818623256, 0.9999735576000001, 1.0, 0.9937122099, 0.9687476345999999, 0.9721411949, 184.0, 9614.107366274848, 10019.615187337016, 9562.074213011316, 10023.904766303514, 9633.515140942996, 9418.13539281254, 9478.753710022711, 9492.567081367155, 9503.999100224644, 9653.184711373076, 10152.183653912816, 10133.181340278994, 10129.180294464362, 9488.019158866991, 9598.601236572984, 9517.53626954873, 9549.94144661409, 9350.268381759279, 9458.78206398066, 9451.070553994172, 9505.51492760922, 9546.404843492077, 9947.519931418448, 9472.139606176765, 9310.343062285508, 9963.077055723563, 9829.725080039263, 9491.511583976684, 9982.458137987594, 9452.326891550822, 9540.286012492112, 10133.017708462572, 9849.26049049815, 9982.65047782823, 10031.24028622487, 10112.773316110775, 10200.579672577278, 1.0, 1.0, 1.0, 1.0, 1.0, 1.0, 1.0, 1.0, 1.0, 1.0, 1.0, 1.0, 1.0, 1.0, 1.0, 1.0, 1.0, 1.0, 1.0, 1.0, 1.0, 1.0, 1.0, 1.0, 1.0, 1.0, 1.0, 1.0, 1.0, 1.0, 1.0, 1.0, 1.0, 1.0, 1.0, 1.0, 1.0, 1.0, 1.0, 1.0, 1.0, 1.0, 1.0, 1.0, 1.0, 1.0, 1.0, 1.0, 1.0, 1.0, 1.0, 1.0, 1.0, 1.0, 1.0, 1.0, 1.0, 1.0, 1.0, 1.0, 1.0, 1.0, 1.0], "range": [29.0, 32.0, 10.0, 6.0, 25430418.0, 1.6248, 0.68, 28.4, 32.29, 27.98, 0.76, 50.47000000000003, 10.81, 16.220000000000002, 356.0, 1.0, 6.0, 16.093, 247.7, 25401600.0, 25408501.0, 25394320.0, 0.97, 0.4687, 3.5541, 25419600.0, 0.99, 24.99, 25400340.0, 23.04, 25401360.0, 28.84, 25400340.0, 28.9, 25401540.0, 23.58, 0.58, 43.809999999999945, 6.73, 13.95, 25383600.0, 353.0, 0.87, 6.0, 25404900.0, 9.998000000000001, 266.2, 22.869999999999997, 25459200.0, 24.909999999999997, 25400340.0, 26.72, 25459200.0, 28.459999999999997, 25400340.0, 1.0, 1.0, 1.0, 1.0, 1.0, 1.0, 1.0, 1.0, 1.0, 1.0, 1.0, 1.0, 1.0, 1.0, 1.0, 1.0, 1.0, 1.0, 1.0, 1.0, 1.0, 1.0, 1.0, 1.0, 1.0, 1.0, 1.9818622304, 1.999973555, 1.9993007048, 1.9937122099, 1.9687473849, 1.9706336273999998, 172.0, 9614.107366274848, 10019.615187337016, 9562.074213011316, 10023.904766303514, 9633.515140942996, 9418.13539281254, 9478.753710022711, 9492.567081367155, 9503.999100224644, 9653.184711373076, 10152.183653912816, 10133.181340278994, 10129.180294464362, 9488.019158866991, 9598.601236572984, 9517.53626954873, 9549.94144661409, 9350.268381759279, 9458.78206398066, 9451.070553994172, 9505.51492760922, 9546.404843492077, 9947.519931418448, 9472.139606176765, 9310.343062285508, 9963.077055723563, 9829.725080039263, 9491.511583976684, 9982.458137987594, 9452.326891550822, 9540.286012492112, 10133.017708462572, 9849.26049049815, 9982.65047782823, 10031.24028622487, 10112.773316110775, 10200.579672577278, 1.0, 1.0, 1.0, 1.0, 1.0, 1.0, 1.0, 1.0, 1.0, 1.0, 1.0, 1.0, 1.0, 1.0, 1.0, 1.0, 1.0, 1.0, 1.0, 1.0, 1.0, 1.0, 1.0, 1.0, 1.0, 1.0, 1.0, 1.0, 1.0, 1.0, 1.0, 1.0, 1.0, 1.0, 1.0, 1.0, 1.0, 1.0, 1.0, 1.0, 1.0, 1.0, 1.0, 1.0, 1.0, 1.0, 1.0, 1.0, 1.0, 1.0, 1.0, 1.0, 1.0, 1.0, 1.0, 1.0, 1.0, 1.0, 1.0, 1.0, 1.0, 1.0, 1.0]}